{
  "fetch": {
    "offset": 1.0,
    "size": 8,
    "kernel": {
      "c": 0.17973250631715587,
      "type": 1,
      "a": 2,
      "b": 0.8000761661286464
    }
  },
  "blur": {
    "cut": 7,
    "extent": 2,
    "calc": 2,
    "method": 0,
    "thresh": 0.5200637277080886
  },
  "bin": {
    "k": -0.2,
    "offset": 1,
    "method": 0,
    "size": 10
  },
  "compare": {
    "metric": 0,
    "eps": 411.9766355359479
  },
  "classifier": 0,
  "filter": {
    "contrast": 20,
    "bin": {
      "k": -0.2,
      "offset": 0,
      "method": 1,
      "size": 2
    }
  },
  "run": 1,
  "acc": 0.03458886575242848
}