{
  "compare": {
    "eps": 438.0064352296392,
    "metric": 0
  },
  "filter": {
    "contrast": 15,
    "bin": {
      "size": 2,
      "method": 0,
      "k": -0.2,
      "offset": 2
    }
  },
  "fetch": {
    "kernel": {
      "c": 0.06179917173159827,
      "a": 3,
      "type": 1,
      "b": 0.952694352944042
    },
    "size": 8,
    "offset": 1.0
  },
  "run": 2,
  "bin": {
    "size": 25,
    "method": 0,
    "k": -0.2,
    "offset": 15
  },
  "classifier": 0,
  "blur": {
    "cut": 8,
    "thresh": 0.11230238022343289,
    "method": 0,
    "calc": 1,
    "extent": 3
  },
  "acc": 0.13350060406765263
}